Workbook

Sheet UAT Test Cases
A1: 🧠 AI FILE INTELLIGENCE BOT — User Acceptance Testing (UAT) Register
A2: Project: RAG + OCR + React + Python | Team UAT Register | Date: 26-Jun-2026 | Admin: Jameela
A4: 📋 TEAM TEST LOG — All team members fill columns A to N | P4: 🔒 ADMIN ONLY — DO NOT EDIT (Jameela)
A5: No. | B5: Team Member Name | C5: Module / Feature | D5: Test Case ID | E5: Test Case Description | F5: Test Steps | G5: Input File Type | H5: Input File Language | I5: Expected Output | J5: Actual Output | K5: Status | L5: Defect / Remarks | M5: Priority | N5: Tested On (Date) | P5: Assigned To (Handling TC) | Q5: Attendance Status | R5: System Verified OK? | S5: Date Completed | T5: Admin Notes | U5: Sign-off
A6: 1 | C6: File Upload | D6: TC-001 | E6: Upload a valid PDF file | F6: 1. Navigate to Upload page 2. Select a PDF file 3. Click Upload | G6: PDF | H6: English | I6: File uploaded successfully; progress bar 100%; file appears in document list | K6: Not Tested | M6: Medium | Q6: Not Attended
A7: 2 | C7: File Upload | D7: TC-002 | E7: Upload scanned image (PNG) for OCR | F7: 1. Select PNG scanned document 2. Upload 3. Wait for OCR processing | G7: PNG | H7: English | I7: OCR text extracted correctly; stored in vector DB | K7: Not Tested | M7: Medium | Q7: Not Attended
A8: 3 | C8: File Upload | D8: TC-003 | E8: Upload a DOCX file | F8: 1. Select .docx file 2. Upload 3. Verify processing | G8: DOCX | H8: English | I8: DOCX parsed; paragraphs chunked and embedded in vector DB | K8: Not Tested | M8: Medium | Q8: Not Attended
A9: 4 | C9: File Upload | D9: TC-004 | E9: Upload multilingual PDF (Arabic) | F9: 1. Select Arabic PDF 2. Upload 3. Verify language detection | G9: PDF | H9: Arabic | I9: Language auto-detected as Arabic; chunks stored with language metadata | K9: Not Tested | M9: Medium | Q9: Not Attended
A10: 5 | C10: File Upload | D10: TC-005 | E10: Upload video file for Whisper transcription | F10: 1. Select MP4 video 2. Upload 3. Verify transcription | G10: MP4/Video | H10: English | I10: Audio transcribed; transcript chunked and stored in vector DB | K10: Not Tested | M10: Medium | Q10: Not Attended
A11: 6 | C11: File Upload | D11: TC-006 | E11: Upload unsupported file type (.exe) | F11: 1. Select .exe file 2. Attempt upload | G11: EXE | H11: N/A | I11: Structured error: 'Unsupported file type'; no crash | K11: Not Tested | M11: Medium | Q11: Not Attended
A12: 7 | C12: File Upload | D12: TC-007 | E12: Upload large PDF (>50 MB) | F12: 1. Select large PDF 2. Upload 3. Monitor performance | G12: PDF | H12: English | I12: Processed within acceptable time; no timeout or memory crash | K12: Not Tested | M12: Medium | Q12: Not Attended
A13: 8 | C13: OCR / Parsing | D13: TC-008 | E13: OCR accuracy on printed text | F13: 1. Upload scanned doc with clear printed text 2. Review extracted text | G13: JPG | H13: English | I13: OCR accuracy ≥ 95%; all paragraphs extracted | K13: Not Tested | M13: Medium | Q13: Not Attended
A14: 9 | C14: OCR / Parsing | D14: TC-009 | E14: OCR on handwritten text | F14: 1. Upload image with handwritten notes 2. Run OCR | G14: PNG | H14: English | I14: Partial extraction; warning if confidence < 70% | K14: Not Tested | M14: Medium | Q14: Not Attended
A15: 10 | C15: OCR / Parsing | D15: TC-010 | E15: Table extraction from PDF | F15: 1. Upload PDF with data tables 2. Verify extracted content | G15: PDF | H15: English | I15: Tables extracted as structured text; rows/cols preserved | K15: Not Tested | M15: Medium | Q15: Not Attended
A16: 11 | C16: Chunking & Embedding | D16: TC-011 | E16: Semantic chunking of long document | F16: 1. Upload 50-page PDF 2. Check chunk count in logs | G16: PDF | H16: English | I16: Document split into 300–500 token chunks; metadata stored per chunk | K16: Not Tested | M16: Medium | Q16: Not Attended
A17: 12 | C17: Chunking & Embedding | D17: TC-012 | E17: Embedding generation per chunk | F17: 1. Upload PDF 2. Inspect vector DB entries | G17: PDF | H17: English | I17: Each chunk has embedding vector; chunk_id, source, timestamp in metadata | K17: Not Tested | M17: Medium | Q17: Not Attended
... A35: 30 | C35: Performance | D35: TC-030 | E35: Query response time under load | F35: 1. Submit 10 concurrent queries | G35: N/A | H35: English | I35: All queries return within 5 seconds; no 500 errors | K35: Not Tested | M35: Medium | Q35: Not Attended

Sheet Summary Dashboard
A1: UAT SUMMARY DASHBOARD
A3: 📋 TEAM TEST STATUS | E3: 🔒 ADMIN ATTENDANCE
A4: Status | B4: Count | C4: % of Total | E4: Status | F4: Count | G4: % of Total
A5: Not Tested | B5: =COUNTIF('UAT Test Cases'!K:K,A5) -> 30 | C5: =IFERROR(B5/SUM(B5:B11),0) -> 1 | E5: Not Attended | F5: =COUNTIF('UAT Test Cases'!Q:Q,E5) -> 30 | G5: =IFERROR(F5/SUM(F5:F7),0) -> 1
A6: In Progress | B6: =COUNTIF('UAT Test Cases'!K:K,A6) -> 0 | C6: =IFERROR(B6/SUM(B5:B11),0) -> 0 | E6: Attending | F6: =COUNTIF('UAT Test Cases'!Q:Q,E6) -> 0 | G6: =IFERROR(F6/SUM(F5:F7),0) -> 0
A7: Pass | B7: =COUNTIF('UAT Test Cases'!K:K,A7) -> 0 | C7: =IFERROR(B7/SUM(B5:B11),0) -> 0 | E7: Attended — Done | F7: =COUNTIF('UAT Test Cases'!Q:Q,E7) -> 0 | G7: =IFERROR(F7/SUM(F5:F7),0) -> 0
A8: Fail | B8: =COUNTIF('UAT Test Cases'!K:K,A8) -> 0 | C8: =IFERROR(B8/SUM(B5:B11),0) -> 0 | E8: TOTAL | F8: =SUM(F5:F7) -> 30 | G8: 100%
A9: Blocked | B9: =COUNTIF('UAT Test Cases'!K:K,A9) -> 0 | C9: =IFERROR(B9/SUM(B5:B11),0) -> 0
A10: Skipped | B10: =COUNTIF('UAT Test Cases'!K:K,A10) -> 0 | C10: =IFERROR(B10/SUM(B5:B11),0) -> 0 | E10: ✅ SYSTEM VERIFICATION
A11: Deferred | B11: =COUNTIF('UAT Test Cases'!K:K,A11) -> 0 | C11: =IFERROR(B11/SUM(B5:B11),0) -> 0 | E11: Result | F11: Count | G11: % of Total
A12: TOTAL | B12: =SUM(B5:B11) -> 30 | C12: 100% | E12: Yes — System OK | F12: =COUNTIF('UAT Test Cases'!R:R,E12) -> 0 | G12: =IFERROR(F12/SUM(F12:F15),0) -> 0
E13: No — Issues Found | F13: =COUNTIF('UAT Test Cases'!R:R,E13) -> 0 | G13: =IFERROR(F13/SUM(F12:F15),0) -> 0
E14: Partial | F14: =COUNTIF('UAT Test Cases'!R:R,E14) -> 0 | G14: =IFERROR(F14/SUM(F12:F15),0) -> 0
E15: — | F15: =COUNTIF('UAT Test Cases'!R:R,E15) -> 0 | G15: =IFERROR(F15/SUM(F12:F15),0) -> 0

Sheet Team Members
A1: TEAM MEMBER REGISTER
A3: # | B3: Team Member Name | C3: Role | D3: Email / Notes
A4: 1 | C4: Backend Developer
A5: 2 | C5: Frontend Developer
A6: 3 | C6: QA Engineer
A7: 4 | C7: ML / AI Engineer
A8: 5 | C8: Product Owner
